First_Name;Middle_Name;Last_Name;Subscriber;Model
Luke;;Stegeman;luke.a.stegeman@nasa.gov;SEPMOD,MagPy_SHARP_HMI_CEA
Clayton;;Allison;clayton.f.allison@nasa.gov;SEPMOD,MagPy_SHARP_HMI_CEA
Katie;;Whitman;kathryn.whitman@nasa.gov;SEPMOD,MagPy_SHARP_HMI_CEA
Luke;Austin;Stegeman;luke.a.steg@gmail.com;SEPMOD
Phil;;Quinn;philip.r.quinn@nasa.gov;SEPMOD
Ricky;;Egeland;ricky.a.egeland@nasa.gov;MagPy_SHARP_HMI_CEA
